champion,changed_in_patch,source_scope,picks,wins,winrate,avg_kills,avg_deaths,avg_assists,avg_earnedgold,avg_damagetochampions,avg_dpm,avg_cspm,latest_change_riot_patch,latest_change_oe_patch,latest_change_title
Xin Zhao,1,current_patch_changed,61,35,0.5737704918032787,2.6065573770491803,3.377049180327869,6.655737704918033,12058.672131147541,,476.9836065573771,7.19344262295082,26.09,16.09,League of Legends Patch 26.9 Notes
Ezreal,1,current_patch_changed,51,23,0.45098039215686275,3.784313725490196,2.392156862745098,4.509803921568627,15265.960784313726,,892.2941176470588,9.886274509803922,26.09,16.09,League of Legends Patch 26.9 Notes
Sion,1,current_patch_changed,44,26,0.5909090909090909,1.5,2.477272727272727,6.840909090909091,11508.204545454546,,568.5909090909091,8.070454545454545,26.10,16.10,League of Legends Patch 26.10 Notes
Vi,1,current_patch_changed,40,22,0.55,3.6,3.55,7.075,12380.175,,393.9,7.022499999999999,26.10,16.10,League of Legends Patch 26.10 Notes
Ambessa,1,current_patch_changed,23,6,0.2608695652173913,1.9130434782608696,3.0869565217391304,3.217391304347826,11170.826086956522,,590.0869565217391,8.32608695652174,26.10,16.10,League of Legends Patch 26.10 Notes
Taliyah,1,current_patch_changed,16,7,0.4375,2.0,3.25,6.3125,12504.5,,589.1875,8.65625,26.09,16.09,League of Legends Patch 26.9 Notes
Mel,1,current_patch_changed,13,3,0.23076923076923078,4.615384615384615,3.230769230769231,3.6923076923076925,13465.307692307691,,683.0769230769231,9.13076923076923,26.10,16.10,League of Legends Patch 26.10 Notes
Zeri,1,current_patch_changed,7,1,0.14285714285714285,5.857142857142857,4.571428571428571,4.428571428571429,18098.0,,892.5714285714286,10.314285714285715,26.10,16.10,League of Legends Patch 26.10 Notes
Gragas,1,current_patch_changed,6,3,0.5,1.1666666666666667,3.3333333333333335,5.166666666666667,11115.0,,417.6666666666667,6.983333333333333,26.09,16.09,League of Legends Patch 26.9 Notes
Shyvana,1,current_patch_changed,5,1,0.2,3.8,4.0,5.2,13041.4,,609.2,7.88,26.10,16.10,League of Legends Patch 26.10 Notes
Lux,1,current_patch_changed,4,3,0.75,2.25,1.75,14.5,9895.0,,416.0,1.4499999999999997,26.09,16.09,League of Legends Patch 26.9 Notes
Zoe,1,current_patch_changed,4,2,0.5,4.25,2.5,6.0,11839.5,,833.75,8.075,26.09,16.09,League of Legends Patch 26.9 Notes
Kennen,1,current_patch_changed,3,0,0.0,3.0,2.3333333333333335,1.3333333333333333,11993.0,,656.0,9.166666666666666,26.09,16.09,League of Legends Patch 26.9 Notes
Sona,1,all_available_fallback,2,1,0.5,0.0,3.0,13.0,7738.5,,329.0,1.0,26.10,16.10,League of Legends Patch 26.10 Notes
Tahm Kench,1,current_patch_changed,1,0,0.0,1.0,5.0,1.0,6892.0,,256.0,6.4,26.09,16.09,League of Legends Patch 26.9 Notes
Thresh,1,current_patch_changed,1,1,1.0,0.0,2.0,12.0,9870.0,,127.0,1.0,26.09,16.09,League of Legends Patch 26.9 Notes
Udyr,1,current_patch_changed,1,1,1.0,2.0,6.0,13.0,12618.0,,372.0,5.6,26.09,16.09,League of Legends Patch 26.9 Notes
Warwick,1,all_available_fallback,1,1,1.0,5.0,3.0,10.0,13279.0,,311.0,7.0,26.09,16.09,League of Legends Patch 26.9 Notes
Yunara,0,historical_unchanged,370,181,0.4891891891891892,4.6378378378378375,2.754054054054054,5.04054054054054,16505.95945945946,,760.7432432432432,10.155675675675676,26.03,16.03,Patch 26.3 Notes
Ryze,0,historical_unchanged,351,189,0.5384615384615384,3.6866096866096867,2.54985754985755,5.598290598290598,13860.535612535612,,648.3760683760684,9.602279202279203,26.04,16.04,League of Legends Patch 26.4 Notes
Jarvan IV,0,historical_unchanged,343,179,0.521865889212828,2.6793002915451893,3.122448979591837,10.049562682215743,12610.661807580174,,413.1924198250729,6.810495626822157,25.16,15.16,Patch 25.16 Notes
Corki,0,historical_unchanged,332,154,0.463855421686747,4.445783132530121,2.963855421686747,4.786144578313253,16009.225903614459,,784.0331325301205,9.870481927710843,26.01,16.01,Patch 26.1 Notes
Rumble,0,historical_unchanged,325,172,0.5292307692307693,2.9476923076923076,2.9323076923076923,5.96,13149.40923076923,,757.8830769230769,8.272615384615385,26.04,16.04,League of Legends Patch 26.4 Notes
Pantheon,0,historical_unchanged,309,153,0.49514563106796117,4.300970873786408,3.343042071197411,6.197411003236246,12713.883495145632,,521.9320388349514,6.677022653721682,25.20,15.20,Patch 25.20 Notes
Azir,0,historical_unchanged,306,129,0.4215686274509804,3.026143790849673,3.284313725490196,4.630718954248366,13716.892156862745,,694.2875816993464,9.523529411764706,26.06,16.06,League of Legends Patch 26.6 Notes
K'Sante,0,historical_unchanged,290,121,0.41724137931034483,2.0827586206896553,2.6206896551724137,4.455172413793103,12137.944827586207,,444.65862068965515,8.284137931034481,25.09,15.09,Patch 25.09 Notes
Bard,0,historical_unchanged,277,156,0.5631768953068592,0.9133574007220217,2.8700361010830324,10.862815884476534,8892.967509025271,,260.057761732852,1.1458483754512636,25.21,15.21,Patch 25.21 Notes
Aurora,0,historical_unchanged,267,118,0.4419475655430712,3.9213483146067416,2.7116104868913857,4.812734082397004,12922.355805243446,,747.9101123595506,8.726591760299625,25.18,15.18,Patch 25.18 Notes
Gnar,0,historical_unchanged,267,141,0.5280898876404494,2.310861423220974,2.6816479400749063,4.760299625468165,13187.677902621723,,681.6217228464419,9.030711610486891,25.16,15.16,Patch 25.16 Notes
Renekton,0,historical_unchanged,267,136,0.5093632958801498,2.400749063670412,2.8614232209737827,4.404494382022472,12664.955056179775,,577.6067415730337,8.859176029962546,25.08,15.08,Patch 25.08 Notes
Lulu,0,historical_unchanged,246,112,0.45528455284552843,0.5609756097560976,2.3089430894308944,10.199186991869919,8443.569105691056,,199.16666666666666,1.0260162601626017,25.16,15.16,Patch 25.16 Notes
Wukong,0,historical_unchanged,244,109,0.44672131147540983,3.3811475409836067,3.3237704918032787,6.225409836065574,12809.5,,412.2172131147541,7.055737704918032,26.10,16.10,League of Legends Patch 26.10 Notes
Neeko,0,historical_unchanged,241,122,0.5062240663900415,1.107883817427386,3.672199170124481,8.568464730290456,9001.643153526971,,354.850622406639,1.2443983402489625,26.05,16.05,League of Legends Patch 26.5 Notes
Varus,0,historical_unchanged,240,126,0.525,4.725,3.004166666666667,5.420833333333333,15713.808333333332,,829.7375,9.327916666666669,26.05,16.05,League of Legends Patch 26.5 Notes
Nami,0,historical_unchanged,238,111,0.46638655462184875,0.7394957983193278,2.7184873949579833,10.46218487394958,8758.882352941177,,254.53361344537817,0.9424369747899161,26.07,16.07,League of Legends Patch 26.7 Notes
Nautilus,0,historical_unchanged,218,93,0.42660550458715596,0.5321100917431193,4.10091743119266,9.51834862385321,8237.330275229358,,184.21100917431193,1.1307339449541285,25.16,15.16,Patch 25.16 Notes
Ashe,0,historical_unchanged,211,122,0.5781990521327014,3.914691943127962,2.938388625592417,6.7440758293838865,14808.905213270142,,684.1706161137441,9.592417061611375,26.10,16.10,League of Legends Patch 26.10 Notes
Orianna,0,historical_unchanged,210,113,0.5380952380952381,3.4,2.533333333333333,7.4714285714285715,13418.495238095238,,689.6714285714286,9.276666666666666,26.05,16.05,League of Legends Patch 26.5 Notes
Seraphine,0,historical_unchanged,206,111,0.5388349514563107,1.029126213592233,2.8058252427184467,10.490291262135923,8652.0,,265.50970873786406,1.2427184466019416,25.19,15.19,Patch 25.19 Notes
Ahri,0,historical_unchanged,205,119,0.5804878048780487,4.1414634146341465,2.1414634146341465,7.160975609756098,13783.09268292683,,695.0487804878048,9.185365853658537,26.06,16.06,League of Legends Patch 26.6 Notes
Alistar,0,historical_unchanged,203,107,0.5270935960591133,0.39408866995073893,3.5517241379310347,10.41871921182266,8365.56157635468,,138.54187192118226,0.9536945812807883,25.15,15.15,Patch 25.15 Notes
Jhin,0,historical_unchanged,192,82,0.4270833333333333,4.119791666666667,2.203125,5.729166666666667,15933.890625,,662.484375,9.7984375,26.01,16.01,Patch 26.1 Notes
Rakan,0,historical_unchanged,180,105,0.5833333333333334,0.5,2.688888888888889,11.338888888888889,8713.06111111111,,165.54444444444445,1.1644444444444446,25.23,15.23,Patch 25.23 Notes
Karma,0,historical_unchanged,172,80,0.46511627906976744,0.6511627906976745,2.7848837209302326,9.94186046511628,8776.505813953489,,266.97093023255815,1.1203488372093022,26.08,16.08,League of Legends Patch 26.8 Notes
Nocturne,0,historical_unchanged,171,85,0.49707602339181284,3.1169590643274856,3.2748538011695905,7.444444444444445,12750.374269005848,,450.4093567251462,7.143859649122806,26.05,16.05,League of Legends Patch 26.5 Notes
Jayce,0,historical_unchanged,167,68,0.40718562874251496,2.910179640718563,3.55688622754491,4.81437125748503,13525.221556886228,,753.4670658682635,8.734730538922156,26.03,16.03,Patch 26.3 Notes
Sivir,0,historical_unchanged,153,79,0.5163398692810458,4.2745098039215685,2.5751633986928106,6.431372549019608,17027.29411764706,,831.124183006536,10.601960784313725,26.02,16.02,Patch 26.2 Notes
Aatrox,0,historical_unchanged,142,63,0.44366197183098594,3.232394366197183,2.943661971830986,5.112676056338028,12631.30985915493,,529.9647887323944,7.623239436619718,26.02,16.02,Patch 26.2 Notes
Caitlyn,0,historical_unchanged,134,80,0.5970149253731343,4.58955223880597,2.58955223880597,4.7611940298507465,16789.761194029852,,766.1492537313433,10.178358208955224,26.01,16.01,Patch 26.1 Notes
Akali,0,historical_unchanged,130,67,0.5153846153846153,4.838461538461538,2.8615384615384616,4.123076923076923,13500.584615384616,,620.1615384615385,8.853076923076923,26.05,16.05,League of Legends Patch 26.5 Notes
Lucian,0,historical_unchanged,130,62,0.47692307692307695,4.376923076923077,3.1076923076923078,4.4,16105.807692307691,,861.1461538461539,9.698461538461538,26.08,16.08,League of Legends Patch 26.8 Notes
Kai'Sa,0,historical_unchanged,128,68,0.53125,5.546875,2.6015625,4.5703125,16556.0546875,,700.7578125,9.75234375,25.23,15.23,Patch 25.23 Notes
Galio,0,historical_unchanged,124,59,0.47580645161290325,2.161290322580645,2.935483870967742,7.17741935483871,12136.790322580646,,509.9596774193548,8.374193548387096,26.10,16.10,League of Legends Patch 26.10 Notes
Rell,0,historical_unchanged,124,57,0.4596774193548387,0.5887096774193549,3.9596774193548385,10.637096774193548,8517.556451612903,,166.11290322580646,1.0733870967741936,26.07,16.07,League of Legends Patch 26.7 Notes
Zaahen,0,historical_unchanged,124,64,0.5161290322580645,2.782258064516129,2.9838709677419355,5.290322580645161,13059.564516129032,,612.016129032258,8.100000000000001,26.06,16.06,League of Legends Patch 26.6 Notes
Annie,0,historical_unchanged,123,67,0.5447154471544715,3.008130081300813,3.3821138211382116,7.382113821138211,12208.325203252032,,695.2357723577236,7.969105691056911,26.04,16.04,League of Legends Patch 26.4 Notes
Anivia,0,historical_unchanged,122,51,0.4180327868852459,2.6557377049180326,2.6721311475409837,6.213114754098361,12331.622950819672,,576.827868852459,6.984426229508198,26.10,16.10,League of Legends Patch 26.10 Notes
Aphelios,0,historical_unchanged,122,61,0.5,4.565573770491803,3.180327868852459,4.172131147540983,16687.16393442623,,735.688524590164,9.956557377049183,26.04,16.04,League of Legends Patch 26.4 Notes
Dr. Mundo,0,historical_unchanged,110,59,0.5363636363636364,2.6818181818181817,2.6454545454545455,6.3,12879.745454545455,,659.4818181818182,7.1381818181818195,26.08,16.08,League of Legends Patch 26.8 Notes
Viktor,0,historical_unchanged,98,45,0.45918367346938777,3.173469387755102,2.561224489795918,5.438775510204081,13246.714285714286,,855.234693877551,9.064285714285715,26.03,16.03,Patch 26.3 Notes
Gwen,0,historical_unchanged,95,48,0.5052631578947369,3.473684210526316,2.8526315789473684,4.2105263157894735,13598.547368421052,,733.1157894736842,8.886315789473686,26.04,16.04,League of Legends Patch 26.4 Notes
Leona,0,historical_unchanged,93,50,0.5376344086021505,0.5913978494623656,3.978494623655914,9.161290322580646,8622.63440860215,,175.4731182795699,1.2193548387096773,25.15,15.15,Patch 25.15 Notes
Miss Fortune,0,historical_unchanged,87,41,0.47126436781609193,4.712643678160919,3.1724137931034484,5.0,16268.206896551725,,710.8965517241379,9.92183908045977,26.01,16.01,Patch 26.1 Notes
Lee Sin,0,historical_unchanged,81,42,0.5185185185185185,4.172839506172839,3.1481481481481484,7.049382716049383,12915.432098765432,,449.69135802469134,6.877777777777778,26.10,16.10,League of Legends Patch 26.10 Notes
Jax,0,historical_unchanged,74,39,0.527027027027027,3.2567567567567566,2.7432432432432434,4.391891891891892,13304.45945945946,,637.5405405405405,8.45135135135135,26.01,16.01,Patch 26.1 Notes
Yorick,0,historical_unchanged,74,39,0.527027027027027,2.364864864864865,2.7567567567567566,4.513513513513513,13186.648648648648,,651.4054054054054,9.141891891891891,25.13,15.13,Patch 25.13 Notes
Cassiopeia,0,historical_unchanged,73,37,0.5068493150684932,3.3424657534246576,3.136986301369863,6.136986301369863,13100.808219178081,,613.027397260274,8.795890410958904,26.07,16.07,League of Legends Patch 26.7 Notes
LeBlanc,0,historical_unchanged,73,38,0.5205479452054794,4.931506849315069,2.287671232876712,4.794520547945205,13715.397260273972,,767.7123287671233,8.575342465753424,25.22,15.22,Patch 25.22 Notes
Naafiri,0,historical_unchanged,73,38,0.5205479452054794,4.506849315068493,2.684931506849315,5.684931506849315,13278.876712328767,,536.4794520547945,7.36986301369863,26.10,16.10,League of Legends Patch 26.10 Notes
Sylas,0,historical_unchanged,73,32,0.4383561643835616,4.219178082191781,3.328767123287671,5.219178082191781,12643.0,,593.5205479452055,8.252054794520548,26.07,16.07,League of Legends Patch 26.7 Notes
Yone,0,historical_unchanged,73,41,0.5616438356164384,3.493150684931507,2.6986301369863015,4.8493150684931505,14181.109589041096,,645.7534246575342,9.782191780821918,26.05,16.05,League of Legends Patch 26.5 Notes
Ornn,0,historical_unchanged,70,39,0.5571428571428572,1.5571428571428572,2.1,7.457142857142857,11240.671428571428,,454.9428571428571,7.6085714285714285,26.07,16.07,League of Legends Patch 26.7 Notes
Poppy,0,historical_unchanged,68,39,0.5735294117647058,1.5294117647058822,2.838235294117647,8.132352941176471,10542.676470588236,,354.77941176470586,4.492647058823529,25.19,15.19,Patch 25.19 Notes
Syndra,0,historical_unchanged,68,35,0.5147058823529411,3.8529411764705883,2.764705882352941,4.867647058823529,13688.20588235294,,708.6764705882352,9.104411764705883,26.04,16.04,League of Legends Patch 26.4 Notes
Milio,0,historical_unchanged,66,36,0.5454545454545454,0.22727272727272727,1.8181818181818181,10.121212121212121,8685.045454545454,,156.4848484848485,0.9363636363636363,14.14,14.14,Patch 14.14 Notes
Xayah,0,historical_unchanged,64,45,0.703125,4.671875,2.296875,6.3125,16711.5,,778.96875,10.306250000000002,26.04,16.04,League of Legends Patch 26.4 Notes
Trundle,0,historical_unchanged,59,32,0.5423728813559322,2.457627118644068,2.6610169491525424,7.932203389830509,12362.881355932202,,372.135593220339,6.694915254237287,26.03,16.03,Patch 26.3 Notes
Qiyana,0,historical_unchanged,57,30,0.5263157894736842,4.12280701754386,3.3508771929824563,6.035087719298246,14905.78947368421,,558.9473684210526,7.771929824561403,26.04,16.04,League of Legends Patch 26.4 Notes
Renata Glasc,0,historical_unchanged,55,21,0.38181818181818183,0.5272727272727272,3.109090909090909,9.618181818181819,8518.236363636364,,205.72727272727272,1.0981818181818181,,,
Skarner,0,historical_unchanged,55,36,0.6545454545454545,2.690909090909091,2.6363636363636362,8.654545454545454,12343.309090909092,,449.07272727272726,6.667272727272727,26.06,16.06,League of Legends Patch 26.6 Notes
Braum,0,historical_unchanged,54,26,0.48148148148148145,0.42592592592592593,3.2037037037037037,10.314814814814815,8559.018518518518,,192.92592592592592,1.0055555555555555,26.04,16.04,League of Legends Patch 26.4 Notes
Twisted Fate,0,historical_unchanged,52,36,0.6923076923076923,2.8461538461538463,2.423076923076923,7.153846153846154,14745.26923076923,,586.4423076923077,8.996153846153847,25.13,15.13,Patch 25.13 Notes
Kalista,0,historical_unchanged,48,23,0.4791666666666667,4.895833333333333,3.5208333333333335,4.895833333333333,14949.375,,709.0,9.575000000000001,26.07,16.07,League of Legends Patch 26.7 Notes
Malphite,0,historical_unchanged,48,23,0.4791666666666667,1.7083333333333333,3.125,7.5,12338.395833333334,,391.25,6.845833333333334,26.02,16.02,Patch 26.2 Notes
Rek'Sai,0,historical_unchanged,46,28,0.6086956521739131,2.9130434782608696,2.3260869565217392,4.673913043478261,13866.891304347826,,628.3913043478261,9.060869565217393,25.23,15.23,Patch 25.23 Notes
Vayne,0,historical_unchanged,39,25,0.6410256410256411,3.8205128205128207,3.051282051282051,4.17948717948718,13312.307692307691,,655.3076923076923,8.49230769230769,25.17,15.17,Patch 25.17 Notes
Sejuani,0,historical_unchanged,36,14,0.3888888888888889,2.0833333333333335,2.5555555555555554,8.222222222222221,11811.416666666666,,404.8888888888889,6.405555555555556,25.24,15.24,Patch 25.24 Notes
Ziggs,0,historical_unchanged,35,17,0.4857142857142857,3.142857142857143,2.2285714285714286,6.0285714285714285,14982.171428571428,,903.9428571428572,9.68857142857143,14.18,14.18,Patch 14.18 Notes
Maokai,0,historical_unchanged,30,14,0.4666666666666667,2.0,3.0,7.7,11158.333333333334,,556.1666666666666,6.216666666666666,26.04,16.04,League of Legends Patch 26.4 Notes
Pyke,0,historical_unchanged,28,13,0.4642857142857143,2.857142857142857,3.892857142857143,6.785714285714286,10043.32142857143,,248.85714285714286,1.1321428571428571,26.06,16.06,League of Legends Patch 26.6 Notes
Shen,0,historical_unchanged,27,17,0.6296296296296297,2.2962962962962963,2.4444444444444446,8.222222222222221,11158.444444444445,,448.14814814814815,5.892592592592592,26.06,16.06,League of Legends Patch 26.6 Notes
Hwei,0,historical_unchanged,26,13,0.5,3.5,2.769230769230769,5.769230769230769,12670.384615384615,,753.9230769230769,8.676923076923076,26.08,16.08,League of Legends Patch 26.8 Notes
Jinx,0,historical_unchanged,22,9,0.4090909090909091,5.2272727272727275,2.3636363636363638,3.909090909090909,15515.318181818182,,762.5909090909091,10.077272727272728,26.04,16.04,League of Legends Patch 26.4 Notes
Viego,0,historical_unchanged,22,8,0.36363636363636365,5.5,4.0,3.6363636363636362,13649.5,,420.54545454545456,7.431818181818183,26.02,16.02,Patch 26.2 Notes
Olaf,0,historical_unchanged,21,9,0.42857142857142855,3.857142857142857,3.9047619047619047,4.0476190476190474,13177.666666666666,,627.952380952381,8.228571428571428,26.06,16.06,League of Legends Patch 26.6 Notes
Yuumi,0,historical_unchanged,21,11,0.5238095238095238,0.6666666666666666,1.7619047619047619,11.952380952380953,8735.190476190477,,299.8095238095238,0.5714285714285714,26.08,16.08,League of Legends Patch 26.8 Notes
Tristana,0,historical_unchanged,19,11,0.5789473684210527,4.947368421052632,2.8947368421052633,4.421052631578948,14779.421052631578,,662.1052631578947,9.463157894736844,26.01,16.01,Patch 26.1 Notes
Volibear,0,historical_unchanged,19,13,0.6842105263157895,3.473684210526316,2.736842105263158,6.2105263157894735,12468.263157894737,,686.6842105263158,8.284210526315789,26.05,16.05,League of Legends Patch 26.5 Notes
Lissandra,0,historical_unchanged,15,11,0.7333333333333333,3.4,3.3333333333333335,8.133333333333333,13381.0,,624.8,8.386666666666665,26.06,16.06,League of Legends Patch 26.6 Notes
Senna,0,historical_unchanged,14,7,0.5,2.7857142857142856,2.7142857142857144,7.428571428571429,13655.357142857143,,628.7142857142857,7.121428571428572,26.04,16.04,League of Legends Patch 26.4 Notes
Blitzcrank,0,historical_unchanged,13,5,0.38461538461538464,1.0769230769230769,4.384615384615385,9.153846153846153,7750.0,,206.3846153846154,0.953846153846154,25.22,15.22,Patch 25.22 Notes
Elise,0,historical_unchanged,13,7,0.5384615384615384,2.0,3.6923076923076925,7.615384615384615,10000.76923076923,,373.6923076923077,1.276923076923077,26.01,16.01,Patch 26.1 Notes
Camille,0,historical_unchanged,12,7,0.5833333333333334,2.8333333333333335,3.75,6.083333333333333,12392.833333333334,,521.6666666666666,6.5,26.04,16.04,League of Legends Patch 26.4 Notes
Smolder,0,historical_unchanged,12,2,0.16666666666666666,2.5833333333333335,3.0833333333333335,3.5833333333333335,15055.25,,923.75,9.858333333333334,26.02,16.02,Patch 26.2 Notes
Nidalee,0,historical_unchanged,11,7,0.6363636363636364,2.4545454545454546,1.3636363636363635,8.727272727272727,12930.09090909091,,564.7272727272727,6.927272727272726,25.24,15.24,Patch 25.24 Notes
Kha'Zix,0,historical_unchanged,10,7,0.7,5.1,3.2,6.0,15948.3,,704.9,7.989999999999999,26.05,16.05,League of Legends Patch 26.5 Notes
Yasuo,0,historical_unchanged,10,7,0.7,3.5,3.8,5.3,13940.4,,464.6,9.05,26.01,16.01,Patch 26.1 Notes
Draven,0,historical_unchanged,9,4,0.4444444444444444,3.6666666666666665,3.2222222222222223,5.333333333333333,16128.222222222223,,705.8888888888889,9.311111111111112,26.03,16.03,Patch 26.3 Notes
Aurelion Sol,0,historical_unchanged,8,3,0.375,3.375,2.875,4.375,13337.125,,731.625,8.925,25.22,15.22,Patch 25.22 Notes
Cho'Gath,0,historical_unchanged,8,4,0.5,2.625,3.75,4.25,12015.625,,548.125,7.75,25.23,15.23,Patch 25.23 Notes
Kled,0,historical_unchanged,7,5,0.7142857142857143,1.5714285714285714,3.2857142857142856,5.0,13863.57142857143,,680.0,9.014285714285714,25.18,15.18,Patch 25.18 Notes
Irelia,0,historical_unchanged,6,3,0.5,1.6666666666666667,5.666666666666667,4.833333333333333,13408.5,,455.1666666666667,9.299999999999999,25.17,15.17,Patch 25.17 Notes
Kog'Maw,0,historical_unchanged,6,4,0.6666666666666666,5.833333333333333,3.3333333333333335,4.833333333333333,13645.0,,869.3333333333334,9.416666666666666,25.21,15.21,Patch 25.21 Notes
Diana,0,historical_unchanged,5,2,0.4,5.2,3.8,3.0,12775.4,,624.8,7.92,26.03,16.03,Patch 26.3 Notes
Malzahar,0,historical_unchanged,5,2,0.4,2.4,2.4,6.0,14157.6,,699.2,9.16,25.02,15.02,Patch 25.S1.2 Notes
Mordekaiser,0,historical_unchanged,5,1,0.2,2.6,2.8,3.0,11441.2,,748.4,8.620000000000001,25.16,15.16,Patch 25.16 Notes
Soraka,0,historical_unchanged,5,2,0.4,0.4,2.0,8.8,8066.0,,175.8,0.96,14.04,14.04,Patch 14.4 Notes
Vladimir,0,historical_unchanged,5,1,0.2,4.4,2.8,3.2,12912.2,,672.6,8.98,25.23,15.23,Patch 25.23 Notes
Ekko,0,historical_unchanged,4,1,0.25,3.75,2.25,3.25,14768.5,,465.25,9.6,26.03,16.03,Patch 26.3 Notes
Garen,0,historical_unchanged,4,2,0.5,2.5,4.25,3.5,12542.0,,637.25,8.6,26.05,16.05,League of Legends Patch 26.5 Notes
Swain,0,historical_unchanged,4,3,0.75,3.0,1.75,8.5,12320.5,,640.5,8.675,26.04,16.04,League of Legends Patch 26.4 Notes
Zed,0,historical_unchanged,4,1,0.25,3.25,4.5,3.25,13844.25,,545.5,8.125,26.10,16.10,League of Legends Patch 26.10 Notes
Gangplank,0,historical_unchanged,3,1,0.3333333333333333,1.3333333333333333,2.0,4.0,12880.666666666666,,758.6666666666666,8.933333333333334,26.01,16.01,Patch 26.1 Notes
Morgana,0,historical_unchanged,3,2,0.6666666666666666,1.6666666666666667,2.6666666666666665,12.666666666666666,12086.333333333334,,392.3333333333333,5.433333333333334,25.21,15.21,Patch 25.21 Notes
Nasus,0,historical_unchanged,3,3,1.0,6.0,2.0,9.0,13323.666666666666,,761.6666666666666,6.8,25.24,15.24,Patch 25.24 Notes
Urgot,0,historical_unchanged,3,2,0.6666666666666666,8.0,5.333333333333333,7.666666666666667,16492.666666666668,,879.0,7.733333333333334,14.09,14.09,Patch 14.9 Notes
Veigar,0,historical_unchanged,3,1,0.3333333333333333,4.666666666666667,1.6666666666666667,3.3333333333333335,14809.333333333334,,659.3333333333334,9.200000000000001,26.07,16.07,League of Legends Patch 26.7 Notes
Vex,0,historical_unchanged,3,0,0.0,1.6666666666666667,4.666666666666667,3.0,11526.666666666666,,558.3333333333334,8.133333333333333,14.09,14.09,Patch 14.9 Notes
Xerath,0,historical_unchanged,3,1,0.3333333333333333,4.333333333333333,2.3333333333333335,3.6666666666666665,11715.0,,796.6666666666666,8.5,25.08,15.08,Patch 25.08 Notes
Zac,0,historical_unchanged,3,2,0.6666666666666666,4.666666666666667,4.333333333333333,9.666666666666666,13843.0,,481.3333333333333,5.8,26.04,16.04,League of Legends Patch 26.4 Notes
Zyra,0,historical_unchanged,3,2,0.6666666666666666,2.0,1.3333333333333333,6.666666666666667,12662.0,,673.3333333333334,8.366666666666667,26.08,16.08,League of Legends Patch 26.8 Notes
Amumu,0,historical_unchanged,2,1,0.5,1.0,6.0,8.0,8732.5,,178.0,1.0,25.18,15.18,Patch 25.18 Notes
Graves,0,historical_unchanged,2,1,0.5,2.5,3.5,4.0,13004.0,,708.0,8.6,26.07,16.07,League of Legends Patch 26.7 Notes
Ivern,0,historical_unchanged,2,2,1.0,1.0,1.5,12.5,12162.0,,234.0,5.25,25.24,15.24,Patch 25.24 Notes
Janna,0,historical_unchanged,2,0,0.0,0.5,4.0,3.5,8689.5,,222.5,1.0,14.09,14.09,Patch 14.9 Notes
Kindred,0,historical_unchanged,2,0,0.0,2.5,4.0,3.0,12457.0,,480.0,7.35,26.01,16.01,Patch 26.1 Notes
Lillia,0,historical_unchanged,2,1,0.5,5.0,2.5,7.0,16893.5,,788.0,7.7,26.08,16.08,League of Legends Patch 26.8 Notes
Nunu & Willump,0,historical_unchanged,2,1,0.5,1.0,3.0,14.0,14031.0,,410.5,6.8,26.03,16.03,Patch 26.3 Notes
Rammus,0,historical_unchanged,2,0,0.0,0.5,4.5,10.5,9988.5,,230.0,3.25,25.13,15.13,Patch 25.13 Notes
Talon,0,historical_unchanged,2,0,0.0,4.5,3.0,2.0,12196.0,,510.5,7.5,25.22,15.22,Patch 25.22 Notes
Taric,0,historical_unchanged,2,1,0.5,0.0,3.0,11.0,8673.0,,92.0,1.25,14.21,14.21,Patch 14.21 Notes
Tryndamere,0,historical_unchanged,2,1,0.5,3.0,3.0,3.0,13313.5,,506.5,10.1,26.06,16.06,League of Legends Patch 26.6 Notes
Brand,0,historical_unchanged,1,1,1.0,4.0,6.0,5.0,14290.0,,650.0,6.4,26.04,16.04,League of Legends Patch 26.4 Notes
Darius,0,historical_unchanged,1,1,1.0,8.0,3.0,4.0,15399.0,,869.0,8.2,26.04,16.04,League of Legends Patch 26.4 Notes
Fiddlesticks,0,historical_unchanged,1,1,1.0,1.0,4.0,10.0,10661.0,,244.0,0.7,25.13,15.13,Patch 25.13 Notes
Hecarim,0,historical_unchanged,1,0,0.0,4.0,5.0,2.0,11024.0,,357.0,7.5,26.03,16.03,Patch 26.3 Notes
Illaoi,0,historical_unchanged,1,1,1.0,4.0,2.0,1.0,11992.0,,810.0,9.7,26.04,16.04,League of Legends Patch 26.4 Notes
Karthus,0,historical_unchanged,1,1,1.0,8.0,2.0,5.0,14528.0,,908.0,8.6,14.21,14.21,Patch 14.21 Notes
Quinn,0,historical_unchanged,1,1,1.0,2.0,0.0,4.0,15176.0,,846.0,10.2,26.10,16.10,League of Legends Patch 26.10 Notes
Rengar,0,historical_unchanged,1,1,1.0,6.0,7.0,11.0,18281.0,,563.0,8.8,26.04,16.04,League of Legends Patch 26.4 Notes
Samira,0,current_patch_fallback,1,1,1.0,13.0,3.0,7.0,16392.0,,1042.0,9.4,26.05,16.05,League of Legends Patch 26.5 Notes
Sett,0,historical_unchanged,1,1,1.0,5.0,0.0,12.0,11270.0,,1203.0,8.8,26.05,16.05,League of Legends Patch 26.5 Notes
Vel'Koz,0,historical_unchanged,1,0,0.0,1.0,10.0,5.0,9805.0,,522.0,1.4,25.18,15.18,Patch 25.18 Notes
